make_key,VMMRdb 이미지,CompCars 이미지,VMMRdb 모델,CompCars 모델
ford,41203,4286,64,57
chevrolet,37001,3688,89,40
toyota,24354,4908,52,58
honda,23681,2492,24,36
nissan,19125,3831,32,48
dodge,15501,1449,45,16
volkswagen,9959,5720,31,67
jeep,8987,954,22,9
bmw,8848,4531,80,50
hyundai,6463,3786,18,42
chrysler,6454,686,22,11
gmc,6390,618,35,7
mazda,5769,2339,31,24
mercedesbenz,5575,5319,100,54
acura,4932,1124,19,11
kia,4628,3220,16,36
cadillac,4348,1115,18,12
mitsubishi,4290,1966,17,24
subaru,4138,1187,14,13
lexus,3701,2029,34,22
audi,3693,4657,30,53
volvo,3190,2166,41,23
buick,3139,1840,27,18
infiniti,3117,1520,20,20
lincoln,3006,718,21,6
scion,1455,352,6,6
mini,1214,1570,3,16
suzuki,1081,1893,17,26
jaguar,951,869,7,9
porsche,895,1070,13,12
isuzu,833,118,10,1
landrover,619,927,7,9
saab,614,477,7,5
smart,166,390,1,6
fiat,161,1569,4,17
mg,65,618,4,9
maserati,62,581,7,6
ferrari,26,769,6,7
bentley,21,476,4,6
rollsroyce,18,385,3,3
lotus,15,630,4,10
alfaromeo,15,574,3,9
daihatsu,10,155,2,6
opel,8,1145,4,14
citroen,6,2355,2,30
peugeot,5,2926,2,33
tesla,5,265,1,3
renault,3,1758,1,22
lamborghini,3,629,1,10
astonmartin,3,1138,2,13
