,VMMRdb,CompCars
출처,"Tafazzoli et al., CVPRW 2017 · github.com/faezetta/VMMRdb","Yang et al., CVPR 2015 · mmlab.ie.cuhk.edu.hk/datasets/comp_cars"
분류 과제,제조사·모델·연식 분류,"제조사·모델 분류, 검증, 속성 예측"
이미지 수,"285,086","136,726"
클래스 수,"9,170 (연식 포함) / 1,175 (연식 합침)","1,716 모델"
제조사 수,75,163
클래스 분포 (제조사-모델),"중앙값 33 · 최대 6,895 · Gini 0.804",중앙값 95 · 최대 303 · Gini 0.331
해상도,짧은 변 중앙 380px,짧은 변 중앙 567px
공식 분할,없음,"있음 (431 모델, 16,016/14,939)"
추가 라벨,없음 (파일명 제목만),시점·bbox·차체 유형·부품
라벨 품질 이슈,"연식 1900 폴더 14개, 단위 불일치 79쌍",제조사명 오타·중복
장점,"실제 사용자 사진과 비슷한 분포, 극심한 롱테일","구조화된 보조 라벨, 비교적 균형"
어려움,"공식 분할 없음, 라벨 노이즈","중국 시장 브랜드 다수, 정돈된 웹 사진이라 난제가 약함"
