make,make_key,model,n_images,body_type,years
ford,ford,mustang,5775,sports,51
ford,ford,f150,5018,pickup,43
ford,ford,explorer,4913,SUV,27
ford,ford,taurus,3323,sedan,28
ford,ford,focus,3070,sedan,17
chevrolet,chevrolet,silverado,5294,pickup,44
chevrolet,chevrolet,impala,3941,sedan,42
chevrolet,chevrolet,corvette,2973,sports,55
chevrolet,chevrolet,tahoe,2601,SUV,24
chevrolet,chevrolet,malibu,2178,sedan,39
toyota,toyota,camry,5311,sedan,33
toyota,toyota,corolla,3691,sedan,41
toyota,toyota,4runner,1881,SUV,33
toyota,toyota,sienna,1863,minivan,19
toyota,toyota,tacoma,1581,pickup,28
honda,honda,civic,6895,sedan,38
honda,honda,accord,6472,sedan,35
honda,honda,odyssey,3101,minivan,22
honda,honda,cr-v,1726,SUV,21
honda,honda,pilot,958,SUV,13
nissan,nissan,altima,5055,sedan,25
nissan,nissan,maxima,3177,sedan,29
nissan,nissan,sentra,2358,sedan,33
nissan,nissan,pathfinder,1370,SUV,29
nissan,nissan,quest,1325,minivan,20
dodge,dodge,grand caravan,3003,minivan,29
dodge,dodge,durango,2352,SUV,17
dodge,dodge,ram_1500,1496,pickup,30
dodge,dodge,ram_2500,1241,pickup,30
dodge,dodge,charger,1119,sedan,37
volkswagen,volkswagen,jetta,3528,sedan,31
volkswagen,volkswagen,passat,1828,sedan,24
volkswagen,volkswagen,beetle,1082,hatchback,37
volkswagen,volkswagen,gti,757,hatchback,28
volkswagen,volkswagen,golf,474,hatchback,29
jeep,jeep,grand_cherokee,3340,SUV,27
jeep,jeep,liberty,1512,SUV,12
jeep,jeep,wrangler,1481,SUV,36
jeep,jeep,cherokee,1116,SUV,31
jeep,jeep,patriot,263,SUV,10
bmw,bmw,325i,1096,sedan,23
bmw,bmw,x5,1046,SUV,15
bmw,bmw,328i,852,sedan,18
bmw,bmw,528i,457,sedan,15
bmw,bmw,530i,401,sedan,11
gmc,gmc,sierra_1500,1619,pickup,42
gmc,gmc,yukon_1500,1452,SUV,24
gmc,gmc,envoy,992,SUV,13
gmc,gmc,jimmy,359,SUV,22
gmc,gmc,acadia,316,SUV,8
